id,link
1,https://www.worldometers.info//img/flags/small/tn_af-flag.gif
2,https://www.worldometers.info//img/flags/small/tn_ag-flag.gif
3,https://www.worldometers.info//img/flags/small/tn_ar-flag.gif
4,https://www.worldometers.info//img/flags/small/tn_am-flag.gif
5,https://upload.wikimedia.org/wikipedia/commons/thumb/5/51/Flag_of_Australasian_team_for_Olympic_games.svg/1920px-Flag_of_Australasian_team_for_Olympic_games.svg.png
6,https://www.worldometers.info//img/flags/small/tn_as-flag.gif
7,https://www.worldometers.info//img/flags/small/tn_au-flag.gif
8,https://www.worldometers.info//img/flags/small/tn_aj-flag.gif
9,https://www.worldometers.info//img/flags/small/tn_bf-flag.gif
10,https://www.worldometers.info//img/flags/small/tn_ba-flag.gif
11,https://www.worldometers.info//img/flags/small/tn_bb-flag.gif
12,https://www.worldometers.info//img/flags/small/tn_bo-flag.gif
13,https://www.worldometers.info//img/flags/small/tn_be-flag.gif
14,https://upload.wikimedia.org/wikipedia/commons/thumb/b/bf/Flag_of_Bermuda.svg/1920px-Flag_of_Bermuda.svg.png
15,https://upload.wikimedia.org/wikipedia/commons/thumb/9/9e/Bohemian_Olympic_Flag_%281912%29.svg/1280px-Bohemian_Olympic_Flag_%281912%29.svg.png
16,https://www.worldometers.info//img/flags/small/tn_bc-flag.gif
17,https://www.worldometers.info//img/flags/small/tn_br-flag.gif
18,https://upload.wikimedia.org/wikipedia/commons/thumb/1/15/Flag_of_the_West_Indies_Federation_%281958%E2%80%931962%29.svg/1920px-Flag_of_the_West_Indies_Federation_%281958%E2%80%931962%29.svg.png
19,https://www.worldometers.info//img/flags/small/tn_bu-flag.gif
20,https://www.worldometers.info//img/flags/small/tn_uv-flag.gif
21,https://www.worldometers.info//img/flags/small/tn_by-flag.gif
22,https://www.worldometers.info//img/flags/small/tn_cm-flag.gif
23,https://www.worldometers.info//img/flags/small/tn_ca-flag.gif
24,https://www.worldometers.info//img/flags/small/tn_ci-flag.gif
25,https://www.worldometers.info//img/flags/small/tn_ch-flag.gif
26,https://www.worldometers.info//img/flags/small/tn_co-flag.gif
27,https://www.worldometers.info//img/flags/small/tn_cs-flag.gif
28,https://www.worldometers.info//img/flags/small/tn_iv-flag.gif
29,https://www.worldometers.info//img/flags/small/tn_hr-flag.gif
30,https://www.worldometers.info//img/flags/small/tn_cu-flag.gif
31,https://www.worldometers.info//img/flags/small/tn_cy-flag.gif
32,https://www.worldometers.info//img/flags/small/tn_ez-flag.gif
33,https://www.worldometers.info//img/flags/small/tn_ez-flag.gif
34,https://www.worldometers.info//img/flags/small/tn_da-flag.gif
35,https://www.worldometers.info//img/flags/small/tn_dj-flag.gif
36,https://www.worldometers.info//img/flags/small/tn_dr-flag.gif
37,https://www.worldometers.info//img/flags/small/tn_ec-flag.gif
38,https://www.worldometers.info//img/flags/small/tn_eg-flag.gif
39,https://www.worldometers.info//img/flags/small/tn_er-flag.gif
40,https://www.worldometers.info//img/flags/small/tn_en-flag.gif
41,https://www.worldometers.info//img/flags/small/tn_et-flag.gif
42,https://www.worldometers.info//img/flags/small/tn_fj-flag.gif
43,https://www.worldometers.info//img/flags/small/tn_fi-flag.gif
44,https://www.worldometers.info//img/flags/small/tn_fr-flag.gif
45,https://www.worldometers.info//img/flags/small/tn_gb-flag.gif
46,https://www.worldometers.info//img/flags/small/tn_gg-flag.gif
47,https://www.worldometers.info//img/flags/small/tn_gm-flag.gif
48,https://upload.wikimedia.org/wikipedia/commons/thumb/9/9a/German_Olympic_flag_%281959-1968%29.svg/1280px-German_Olympic_flag_%281959-1968%29.svg.png
49,https://upload.wikimedia.org/wikipedia/commons/thumb/a/a1/Flag_of_East_Germany.svg/1280px-Flag_of_East_Germany.svg.png
50,https://www.worldometers.info//img/flags/small/tn_gm-flag.gif
51,https://www.worldometers.info//img/flags/small/tn_gh-flag.gif
52,https://www.worldometers.info//img/flags/small/tn_uk-flag.gif
53,https://www.worldometers.info//img/flags/small/tn_gr-flag.gif
54,https://www.worldometers.info//img/flags/small/tn_gj-flag.gif
55,https://www.worldometers.info//img/flags/small/tn_gt-flag.gif
56,https://www.worldometers.info//img/flags/small/tn_gy-flag.gif
57,https://www.worldometers.info//img/flags/small/tn_ha-flag.gif
58,https://upload.wikimedia.org/wikipedia/commons/5/5b/Flag_of_Hong_Kong.svg
59,https://www.worldometers.info//img/flags/small/tn_hu-flag.gif
60,https://www.worldometers.info//img/flags/small/tn_ic-flag.gif
61,https://www.worldometers.info//img/flags/small/tn_in-flag.gif
62,https://www.worldometers.info//img/flags/small/tn_id-flag.gif
63,https://www.worldometers.info//img/flags/small/tn_ir-flag.gif
64,https://www.worldometers.info//img/flags/small/tn_iz-flag.gif
65,https://www.worldometers.info//img/flags/small/tn_ei-flag.gif
66,https://www.worldometers.info//img/flags/small/tn_is-flag.gif
67,https://www.worldometers.info//img/flags/small/tn_it-flag.gif
68,https://www.worldometers.info//img/flags/small/tn_jm-flag.gif
69,1,https://www.worldometers.info//img/flags/small/tn_af-flag.gif
2,https://www.worldometers.info//img/flags/small/tn_ag-flag.gif
3,https://www.worldometers.info//img/flags/small/tn_ar-flag.gif
4,https://www.worldometers.info//img/flags/small/tn_am-flag.gif
5,https://upload.wikimedia.org/wikipedia/commons/thumb/5/51/Flag_of_Australasian_team_for_Olympic_games.svg/1920px-Flag_of_Australasian_team_for_Olympic_games.svg.png
6,https://www.worldometers.info//img/flags/small/tn_as-flag.gif
7,https://www.worldometers.info//img/flags/small/tn_au-flag.gif
8,https://www.worldometers.info//img/flags/small/tn_aj-flag.gif
9,https://www.worldometers.info//img/flags/small/tn_bf-flag.gif
10,https://www.worldometers.info//img/flags/small/tn_ba-flag.gif
11,https://www.worldometers.info//img/flags/small/tn_bb-flag.gif
12,https://www.worldometers.info//img/flags/small/tn_bo-flag.gif
13,https://www.worldometers.info//img/flags/small/tn_be-flag.gif
14,https://upload.wikimedia.org/wikipedia/commons/thumb/b/bf/Flag_of_Bermuda.svg/1920px-Flag_of_Bermuda.svg.png
15,https://upload.wikimedia.org/wikipedia/commons/thumb/9/9e/Bohemian_Olympic_Flag_%281912%29.svg/1280px-Bohemian_Olympic_Flag_%281912%29.svg.png
16,https://www.worldometers.info//img/flags/small/tn_bc-flag.gif
17,https://www.worldometers.info//img/flags/small/tn_br-flag.gif
18,https://upload.wikimedia.org/wikipedia/commons/thumb/1/15/Flag_of_the_West_Indies_Federation_%281958%E2%80%931962%29.svg/1920px-Flag_of_the_West_Indies_Federation_%281958%E2%80%931962%29.svg.png
19,https://www.worldometers.info//img/flags/small/tn_bu-flag.gif
20,https://www.worldometers.info//img/flags/small/tn_uv-flag.gif
21,https://www.worldometers.info//img/flags/small/tn_by-flag.gif
22,https://www.worldometers.info//img/flags/small/tn_cm-flag.gif
23,https://www.worldometers.info//img/flags/small/tn_ca-flag.gif
24,https://www.worldometers.info//img/flags/small/tn_ci-flag.gif
25,https://www.worldometers.info//img/flags/small/tn_ch-flag.gif
26,https://www.worldometers.info//img/flags/small/tn_co-flag.gif
27,https://www.worldometers.info//img/flags/small/tn_cs-flag.gif
28,https://www.worldometers.info//img/flags/small/tn_iv-flag.gif
29,https://www.worldometers.info//img/flags/small/tn_hr-flag.gif
30,https://www.worldometers.info//img/flags/small/tn_cu-flag.gif
31,https://www.worldometers.info//img/flags/small/tn_cy-flag.gif
32,https://www.worldometers.info//img/flags/small/tn_ez-flag.gif
33,https://www.worldometers.info//img/flags/small/tn_ez-flag.gif
34,https://www.worldometers.info//img/flags/small/tn_da-flag.gif
35,https://www.worldometers.info//img/flags/small/tn_dj-flag.gif
36,https://www.worldometers.info//img/flags/small/tn_dr-flag.gif
37,https://www.worldometers.info//img/flags/small/tn_ec-flag.gif
38,https://www.worldometers.info//img/flags/small/tn_eg-flag.gif
39,https://www.worldometers.info//img/flags/small/tn_er-flag.gif
40,https://www.worldometers.info//img/flags/small/tn_en-flag.gif
41,https://www.worldometers.info//img/flags/small/tn_et-flag.gif
42,https://www.worldometers.info//img/flags/small/tn_fj-flag.gif
43,https://www.worldometers.info//img/flags/small/tn_fi-flag.gif
44,https://www.worldometers.info//img/flags/small/tn_fr-flag.gif
45,https://www.worldometers.info//img/flags/small/tn_gb-flag.gif
46,https://www.worldometers.info//img/flags/small/tn_gg-flag.gif
47,https://www.worldometers.info//img/flags/small/tn_gm-flag.gif
48,https://upload.wikimedia.org/wikipedia/commons/thumb/9/9a/German_Olympic_flag_%281959-1968%29.svg/1280px-German_Olympic_flag_%281959-1968%29.svg.png
49,https://upload.wikimedia.org/wikipedia/commons/thumb/a/a1/Flag_of_East_Germany.svg/1280px-Flag_of_East_Germany.svg.png
50,https://www.worldometers.info//img/flags/small/tn_gm-flag.gif
51,https://www.worldometers.info//img/flags/small/tn_gh-flag.gif
52,https://www.worldometers.info//img/flags/small/tn_uk-flag.gif
53,https://www.worldometers.info//img/flags/small/tn_gr-flag.gif
54,https://www.worldometers.info//img/flags/small/tn_gj-flag.gif
55,https://www.worldometers.info//img/flags/small/tn_gt-flag.gif
56,https://www.worldometers.info//img/flags/small/tn_gy-flag.gif
57,https://www.worldometers.info//img/flags/small/tn_ha-flag.gif
58,https://upload.wikimedia.org/wikipedia/commons/5/5b/Flag_of_Hong_Kong.svg
59,https://www.worldometers.info//img/flags/small/tn_hu-flag.gif
60,https://www.worldometers.info//img/flags/small/tn_ic-flag.gif
61,https://www.worldometers.info//img/flags/small/tn_in-flag.gif
62,https://www.worldometers.info//img/flags/small/tn_id-flag.gif
63,https://www.worldometers.info//img/flags/small/tn_ir-flag.gif
64,https://www.worldometers.info//img/flags/small/tn_iz-flag.gif
65,https://www.worldometers.info//img/flags/small/tn_ei-flag.gif
66,https://www.worldometers.info//img/flags/small/tn_is-flag.gif
67,https://www.worldometers.info//img/flags/small/tn_it-flag.gif
68,https://www.worldometers.info//img/flags/small/tn_jm-flag.gif
69,https://www.worldometers.info//img/flags/small/tn_ja-flag.gif
70,https://www.worldometers.info//img/flags/small/tn_jo-flag.gif
71,https://www.worldometers.info//img/flags/small/tn_kz-flag.gif
72,https://www.worldometers.info//img/flags/small/tn_ke-flag.gif
73,https://upload.wikimedia.org/wikipedia/commons/thumb/1/1f/Flag_of_Kosovo.svg/1280px-Flag_of_Kosovo.svg.png
74,https://www.worldometers.info//img/flags/small/tn_kn-flag.gif
75,https://www.worldometers.info//img/flags/small/tn_ks-flag.gif
76,https://www.worldometers.info//img/flags/small/tn_ku-flag.gif
77,https://www.worldometers.info//img/flags/small/tn_kg-flag.gif
78,https://www.worldometers.info//img/flags/small/tn_lg-flag.gif
79,https://www.worldometers.info//img/flags/small/tn_le-flag.gif
80,https://www.worldometers.info//img/flags/small/tn_ls-flag.gif
81,https://www.worldometers.info//img/flags/small/tn_lh-flag.gif
82,https://www.worldometers.info//img/flags/small/tn_lu-flag.gif
83,https://www.worldometers.info//img/flags/small/tn_my-flag.gif
84,https://www.worldometers.info//img/flags/small/tn_mp-flag.gif
85,https://www.worldometers.info//img/flags/small/tn_mx-flag.gif
86,https://www.worldometers.info//img/flags/small/tn_md-flag.gif
87,https://www.worldometers.info//img/flags/small/tn_mg-flag.gif
88,https://www.worldometers.info//img/flags/small/tn_mj-flag.gif
89,https://www.worldometers.info//img/flags/small/tn_mo-flag.gif
90,https://www.worldometers.info//img/flags/small/tn_mz-flag.gif
91,https://www.worldometers.info//img/flags/small/tn_wa-flag.gif
92,https://www.worldometers.info//img/flags/small/tn_nl-flag.gif
93,https://upload.wikimedia.org/wikipedia/commons/thumb/e/eb/Flag_of_the_Netherlands_Antilles_%281959%E2%80%931986%29.svg/1280px-Flag_of_the_Netherlands_Antilles_%281959%E2%80%931986%29.svg.png
94,https://www.worldometers.info//img/flags/small/tn_nz-flag.gif
95,https://www.worldometers.info//img/flags/small/tn_ng-flag.gif
96,https://www.worldometers.info//img/flags/small/tn_ni-flag.gif
97,https://www.worldometers.info//img/flags/small/tn_mk-flag.gif
98,https://www.worldometers.info//img/flags/small/tn_no-flag.gif
99,https://www.worldometers.info//img/flags/small/tn_pk-flag.gif
100,https://www.worldometers.info//img/flags/small/tn_pm-flag.gif
101,https://www.worldometers.info//img/flags/small/tn_pa-flag.gif
102,https://www.worldometers.info//img/flags/small/tn_pe-flag.gif
103,https://www.worldometers.info//img/flags/small/tn_rp-flag.gif
104,https://www.worldometers.info//img/flags/small/tn_pl-flag.gif
105,https://www.worldometers.info//img/flags/small/tn_po-flag.gif
106,https://upload.wikimedia.org/wikipedia/commons/thumb/2/28/Flag_of_Puerto_Rico.svg/1280px-Flag_of_Puerto_Rico.svg.png
107,https://www.worldometers.info//img/flags/small/tn_qa-flag.gif
108,https://www.worldometers.info//img/flags/small/tn_ro-flag.gif
109,https://www.worldometers.info//img/flags/small/tn_rs-flag.gif
110,https://www.worldometers.info//img/flags/small/tn_rs-flag.gif
111,https://upload.wikimedia.org/wikipedia/commons/thumb/a/a9/Flag_of_the_Soviet_Union.svg/1920px-Flag_of_the_Soviet_Union.svg.png
112,https://upload.wikimedia.org/wikipedia/commons/thumb/a/a7/Olympic_flag.svg/1280px-Olympic_flag.svg.png
113,https://upload.wikimedia.org/wikipedia/commons/thumb/a/a7/Olympic_flag.svg/1280px-Olympic_flag.svg.png
114,https://upload.wikimedia.org/wikipedia/commons/0/02/Russian_Olympic_Committee_flag.png
115,https://www.worldometers.info//img/flags/small/tn_sm-flag.gif
116,https://www.worldometers.info//img/flags/small/tn_sa-flag.gif
117,https://upload.wikimedia.org/wikipedia/commons/thumb/3/31/Flag_of_Samoa.svg/1920px-Flag_of_Samoa.svg.png
118,https://www.worldometers.info//img/flags/small/tn_sg-flag.gif
119,https://www.worldometers.info//img/flags/small/tn_ri-flag.gif
120,https://upload.wikimedia.org/wikipedia/commons/thumb/3/3e/Flag_of_Serbia_and_Montenegro_%281992%E2%80%932006%29.svg/1920px-Flag_of_Serbia_and_Montenegro_%281992%E2%80%932006%29.svg.png
121,https://www.worldometers.info//img/flags/small/tn_sn-flag.gif
122,https://www.worldometers.info//img/flags/small/tn_lo-flag.gif
123,https://www.worldometers.info//img/flags/small/tn_si-flag.gif
124,https://www.worldometers.info//img/flags/small/tn_sf-flag.gif
125,https://www.worldometers.info//img/flags/small/tn_sp-flag.gif
126,https://www.worldometers.info//img/flags/small/tn_ce-flag.gif
127,https://www.worldometers.info//img/flags/small/tn_su-flag.gif
128,https://www.worldometers.info//img/flags/small/tn_ns-flag.gif
129,https://www.worldometers.info//img/flags/small/tn_sw-flag.gif
130,https://www.worldometers.info//img/flags/small/tn_sz-flag.gif
131,https://www.worldometers.info//img/flags/small/tn_sy-flag.gif
132,https://upload.wikimedia.org/wikipedia/commons/thumb/1/14/Flag_of_Chinese_Taipei_for_Olympic_games.svg/1280px-Flag_of_Chinese_Taipei_for_Olympic_games.svg.png
133,https://www.worldometers.info//img/flags/small/tn_ti-flag.gif
134,https://www.worldometers.info//img/flags/small/tn_tz-flag.gif
135,https://www.worldometers.info//img/flags/small/tn_th-flag.gif
136,https://www.worldometers.info//img/flags/small/tn_to-flag.gif
137,https://www.worldometers.info//img/flags/small/tn_tn-flag.gif
138,https://www.worldometers.info//img/flags/small/tn_td-flag.gif
139,https://www.worldometers.info//img/flags/small/tn_ts-flag.gif
140,https://www.worldometers.info//img/flags/small/tn_tu-flag.gif
141,https://www.worldometers.info//img/flags/small/tn_tx-flag.gif
142,https://www.worldometers.info//img/flags/small/tn_ug-flag.gif
143,https://www.worldometers.info//img/flags/small/tn_up-flag.gif
144,https://www.worldometers.info//img/flags/small/tn_ae-flag.gif
145,https://www.worldometers.info//img/flags/small/tn_us-flag.gif
146,https://www.worldometers.info//img/flags/small/tn_uy-flag.gif
147,https://www.worldometers.info//img/flags/small/tn_uz-flag.gif
148,https://www.worldometers.info//img/flags/small/tn_ve-flag.gif
149,https://www.worldometers.info//img/flags/small/tn_vm-flag.gif
150,https://upload.wikimedia.org/wikipedia/commons/thumb/f/f8/Flag_of_the_United_States_Virgin_Islands.svg/225px-Flag_of_the_United_States_Virgin_Islands.svg.png
151,https://upload.wikimedia.org/wikipedia/commons/thumb/6/61/Flag_of_Yugoslavia_%281946-1992%29.svg/1920px-Flag_of_Yugoslavia_%281946-1992%29.svg.png
152,https://www.worldometers.info//img/flags/small/tn_za-flag.gif
153,https://www.worldometers.info//img/flags/small/tn_zi-flag.gif
154,https://upload.wikimedia.org/wikipedia/commons/thumb/a/a7/Olympic_flag.svg/1280px-Olympic_flag.svg.png
155,https://upload.wikimedia.org/wikipedia/commons/thumb/a/a7/Olympic_flag.svg/1280px-Olympic_flag.svg.png
156,https://upload.wikimedia.org/wikipedia/commons/thumb/a/a7/Olympic_flag.svg/1280px-Olympic_flag.svg.png
